1458476805,,Onemoon OA5 Air Fryer oven baking White 3.5L large high-capacity electric Cooker non-stick cookware Electric digital airfryer,Kitchen Appliances,Air Fryers,,599.00,199.00,66.78,https://my-live.slatic.net/p/f72d5c1c6e44ed06027a2c08022c549f.png,XiaoYueLiang,,https://c.lazada.com.my/t/c.Y5VStZ?url=https%3A%2F%2Fwww.lazada.com.my%2Fproducts%2Fonemoon-oa5-air-fryer-oven-baking-white-35l-large-high-capacity-electric-cooker-non-stick-cookware-electric-digital-airfryer-i1458476805-s4757442188.html&sub_aff_id=airfryerbonus,Lazada,XiaoYueLiang  Global Store,,,,,,,,https://c.lazada.com.my/t/c.o9U6?url=https%3A%2F%2Fwww.lazada.com.my%2Fproducts%2Fonemoon-oa5-air-fryer-oven-baking-white-35l-large-high-capacity-electric-cooker-non-stick-cookware-electric-digital-airfryer-i1458476805-s4757442188.html&sub_aff_id=airfryerbonus
1482092351,,Onemoon OA9 Air Fryer Green 10L large high-capacity Cooker non-stick cookware  Electric digital oven,Kitchen Appliances,Air Fryers,,799.00,459.00,42.55,https://my-live.slatic.net/p/7e7226c0d4843c256514fd0ed5effe68.png,XiaoYueLiang,,https://c.lazada.com.my/t/c.YUC6qF?url=https%3A%2F%2Fwww.lazada.com.my%2Fproducts%2Fonemoon-oa9-air-fryer-green-10l-large-high-capacity-cooker-non-stick-cookware-electric-digital-oven-i1482092351-s4874136002.html&sub_aff_id=airfryerbonus,Lazada,XiaoYueLiang  Global Store,,,,,,,,https://c.lazada.com.my/t/c.o9U6?url=https%3A%2F%2Fwww.lazada.com.my%2Fproducts%2Fonemoon-oa9-air-fryer-green-10l-large-high-capacity-cooker-non-stick-cookware-electric-digital-oven-i1482092351-s4874136002.html&sub_aff_id=airfryerbonus
254606870,,Russell Taylors Air Fryer AF-24 Large 3.8L,Kitchen Appliances,Air Fryers,,600.00,197.00,67.17,https://my-live.slatic.net/p/b7f1383b8758305b64159c8d939e893e.png,Russell Taylors,,https://c.lazada.com.my/t/c.Y556kd?url=https%3A%2F%2Fwww.lazada.com.my%2Fproducts%2Frussell-taylors-air-fryer-af-24-large-38l-i254606870-s337705494.html&sub_aff_id=airfryerbonus,Lazada,Russell Taylors,,,,,,,,https://c.lazada.com.my/t/c.o9U6?url=https%3A%2F%2Fwww.lazada.com.my%2Fproducts%2Frussell-taylors-air-fryer-af-24-large-38l-i254606870-s337705494.html&sub_aff_id=airfryerbonus
469624622,,Philips Daily Collection Air Fryer with Rapid Technology (HD9218/31),Kitchen Appliances,Air Fryers,,859.00,379.00,55.88,https://my-live.slatic.net/p/7e7588dc48ba4d034f9a14ef5345b28c.png,Philips,,https://c.lazada.com.my/t/c.YUzreT?url=https%3A%2F%2Fwww.lazada.com.my%2Fproducts%2Fphilips-daily-collection-air-fryer-with-rapid-technology-hd921831-i469624622-s762546854.html&sub_aff_id=airfryerbonus,Lazada,Lazada Retail Philips,,,,,,The healthy way to fry!With Rapid Air Technology for the perfect results. Philips unique Rapid Air Technology lets you fry with air to make food that is crispy on the outside and tender on the inside. Little or no oil is needed to ensure perfect texture and delicious results!,,https://c.lazada.com.my/t/c.o9U6?url=https%3A%2F%2Fwww.lazada.com.my%2Fproducts%2Fphilips-daily-collection-air-fryer-with-rapid-technology-hd921831-i469624622-s762546854.html&sub_aff_id=airfryerbonus
120573387,,Tefal Fry Delight Air Fryer - Meca White (FX1000),Kitchen Appliances,Air Fryers,,929.00,369.00,60.28,https://my-live.slatic.net/p/3eeda32aef17e61de640e8e20999375e.jpg,Tefal,,https://c.lazada.com.my/t/c.Y508KU?url=https%3A%2F%2Fwww.lazada.com.my%2Fproducts%2Ftefal-fry-delight-air-fryer-meca-white-fx1000-i120573387-s130471179.html&sub_aff_id=airfryerbonus,Lazada,Tefal Official Store,,,,,,,,https://c.lazada.com.my/t/c.o9U6?url=https%3A%2F%2Fwww.lazada.com.my%2Fproducts%2Ftefal-fry-delight-air-fryer-meca-white-fx1000-i120573387-s130471179.html&sub_aff_id=airfryerbonus
390791329,,Russell Taylors Air Fryer AF-34 XL 4.8L,Kitchen Appliances,Air Fryers,,750.00,246.00,67.2,https://my-live.slatic.net/p/628d35e1c8476013a0bee20c5b6b0c0d.png,Russell Taylors,,https://c.lazada.com.my/t/c.Y556kd?url=https%3A%2F%2Fwww.lazada.com.my%2Fproducts%2Frussell-taylors-air-fryer-af-34-xl-48l-i390791329-s563559573.html&sub_aff_id=airfryerbonus,Lazada,Russell Taylors,,,,,,,,https://c.lazada.com.my/t/c.o9U6?url=https%3A%2F%2Fwww.lazada.com.my%2Fproducts%2Frussell-taylors-air-fryer-af-34-xl-48l-i390791329-s563559573.html&sub_aff_id=airfryerbonus
1272964132,,Monda Air Fryer，4.8 Quart Induction Cooker 1300W Electric Air Fryer Oven Oil-Free Non-Stick Pan， BPA-Free Matte Black Healthy Frying Cookbook Included,Kitchen Appliances,Air Fryers,,289.00,164.00,43.25,https://my-live.slatic.net/p/a9abb9bc7a0f83e143e877715337041f.png,No Brand,,https://c.lazada.com.my/t/c.Y5Wg6m?url=https%3A%2F%2Fwww.lazada.com.my%2Fproducts%2Fmonda-air-fryer48-quart-induction-cooker-1300w-electric-air-fryer-oven-oil-free-non-stick-pan-bpa-free-matte-black-healthy-frying-cookbook-included-i1272964132-s7322406333.html&sub_aff_id=airfryerbonus,Lazada,YLC Small Appliances,,,,,,,,https://c.lazada.com.my/t/c.o9U6?url=https%3A%2F%2Fwww.lazada.com.my%2Fproducts%2Fmonda-air-fryer48-quart-induction-cooker-1300w-electric-air-fryer-oven-oil-free-non-stick-pan-bpa-free-matte-black-healthy-frying-cookbook-included-i1272964132-s7322406333.html&sub_aff_id=airfryerbonus
1002458460,,Philips Premium Air Fryer XXL HD9860 (HD9860/99),Kitchen Appliances,Air Fryers,,1699.00,1648.50,2.97,https://my-live.slatic.net/p/71e67d76386dadd605ebac420cb069f6.png,Philips,,https://c.lazada.com.my/t/c.YUzreT?url=https%3A%2F%2Fwww.lazada.com.my%2Fproducts%2Fphilips-premium-air-fryer-xxl-hd9860-hd986099-i1002458460-s2656552563.html&sub_aff_id=airfryerbonus,Lazada,Lazada Retail Philips,,,,,,"The new Philips Airfryer XXL does the thinking and cooking for you.With SmartSensing technology,it is the only Airfryer that automatically adjusts time andtemperature during cooking for perfectly cooked dishes.Select and enjoy everybite!Best Philips Airfryer ever madeHundreds of recipes in app and free recipe book includedThe only Airfryer with Fat removal technologyThe original Airfryer with 7 times faster airflow*Versatile: Fry. Bake. Grill. Roast. And even reheat!XXL capacity,cooks a whole chicken or 1.4kg of friesIdeal for your daily cookingConvenient Keep Warm modeCooks meals 1.5 times faster than an oven**QuickClean and dishwasher-safe for all removable partsPerfect results at the touch of a buttonConvenient ""Save your favorite"" cooking settingSmart Chef programs for popular dishesSmart Sensing technology",,https://c.lazada.com.my/t/c.o9U6?url=https%3A%2F%2Fwww.lazada.com.my%2Fproducts%2Fphilips-premium-air-fryer-xxl-hd9860-hd986099-i1002458460-s2656552563.html&sub_aff_id=airfryerbonus
999172726,,Onemoon OA2 Air Fryer White 4.5L large high-capacity Cooker non-stick cookware Electric oven,Kitchen Appliances,Air Fryers,,599.00,178.00,70.28,https://my-live.slatic.net/p/c016a8d143c065b8948a166f4470d3d3.png,XiaoYueLiang,,https://c.lazada.com.my/t/c.YUC6qF?url=https%3A%2F%2Fwww.lazada.com.my%2Fproducts%2Fonemoon-oa2-air-fryer-white-45l-large-high-capacity-cooker-non-stick-cookware-electric-oven-i999172726-s2644712250.html&sub_aff_id=airfryerbonus,Lazada,XiaoYueLiang  Global Store,,,,,,,,https://c.lazada.com.my/t/c.o9U6?url=https%3A%2F%2Fwww.lazada.com.my%2Fproducts%2Fonemoon-oa2-air-fryer-white-45l-large-high-capacity-cooker-non-stick-cookware-electric-oven-i999172726-s2644712250.html&sub_aff_id=airfryerbonus
871002501,,Tefal Easy Fry Precision Digital 4.2L (Air Fryer) (EY401) (EY40),Kitchen Appliances,Air Fryers,,999.00,499.00,50.05,https://my-live.slatic.net/p/ec8bcb4536fa61f21be4d98285c9dbf8.png,Tefal,,https://c.lazada.com.my/t/c.Y508KU?url=https%3A%2F%2Fwww.lazada.com.my%2Fproducts%2Ftefal-easy-fry-precision-digital-42l-air-fryer-ey401-ey40-i871002501-s2138442025.html&sub_aff_id=airfryerbonus,Lazada,Tefal Official Store,,,,,,,,https://c.lazada.com.my/t/c.o9U6?url=https%3A%2F%2Fwww.lazada.com.my%2Fproducts%2Ftefal-easy-fry-precision-digital-42l-air-fryer-ey401-ey40-i871002501-s2138442025.html&sub_aff_id=airfryerbonus
1843200366,,Philips Airfryer XL Essential (HD9270/91),Kitchen Appliances,Air Fryers,,799.00,531.00,33.54,https://my-live.slatic.net/p/0240a6a2c5eef156ca3f249bb02233a3.jpg,Philips,,https://c.lazada.com.my/t/c.YUzreT?url=https%3A%2F%2Fwww.lazada.com.my%2Fproducts%2Fphilips-airfryer-xl-essential-hd927091-i1843200366-s7337782013.html&sub_aff_id=airfryerbonus,Lazada,Lazada Retail Philips,,,,,,"Great tasting fries with up to 90% less fat!*Thanks to Rapid Air technologyPhilips brings the World’s No.1 Airfryer to everyone’s home. Enjoy healthy foodthat's crispy on the outside and tender on the inside, thanks to Rapid AirTechnology. Download the NutriU app to discover hundreds of tasty recipes everyday.Healthiest way to fryHealthy frying with Rapid Air technologyFry with up to 90% less fat*The No.1 low-fat fryerAirfryer experts for 10+ yearsNutriU app inspires and guides you to eat healthyTasty Airfryer recipes for healthy livingRecipes personalized to your preferencesHomemade. Made easy.Designed for everyday cookingXL Size. For the whole familyTouch screen with 7 presetsKeep warm functionFry. Bake. Grill. Roast. And even reheatEasy to use and clean",,https://c.lazada.com.my/t/c.o9U6?url=https%3A%2F%2Fwww.lazada.com.my%2Fproducts%2Fphilips-airfryer-xl-essential-hd927091-i1843200366-s7337782013.html&sub_aff_id=airfryerbonus
